accuracy,precision,recall,f1,mcc,roc_auc,pr_auc,specificity,balanced_accuracy
0.625,0.6,0.75,0.6666666666666666,0.2581988897471611,0.5625,0.6041666666666666,0.5,0.625
